windspeed,date
1.038083846,2021-01-01 00:00:00
0.822416927,2021-01-01 01:00:00
0.870358643,2021-01-01 02:00:00
1.007408089,2021-01-01 03:00:00
1.18693887,2021-01-01 04:00:00
1.344121795,2021-01-01 05:00:00
1.310181193,2021-01-01 06:00:00
1.440181219,2021-01-01 07:00:00
1.144866237,2021-01-01 08:00:00
0.843533771,2021-01-01 09:00:00
0.353258541,2021-01-01 10:00:00
0.577735826,2021-01-01 11:00:00
0.702940926,2021-01-01 12:00:00
0.956684293,2021-01-01 13:00:00
1.277264731,2021-01-01 14:00:00
1.591259067,2021-01-01 15:00:00
1.280386002,2021-01-01 16:00:00
1.825739031,2021-01-01 17:00:00
2.069689727,2021-01-01 18:00:00
1.22314949,2021-01-01 19:00:00
0.133088035,2021-01-01 20:00:00
0.591471712,2021-01-01 21:00:00
0.857926511,2021-01-01 22:00:00
0.755525945,2021-01-01 23:00:00
0.805593275,2021-01-02 00:00:00
0.814127266,2021-01-02 01:00:00
0.791075454,2021-01-02 02:00:00
0.780144864,2021-01-02 03:00:00
0.630184192,2021-01-02 04:00:00
0.68627378,2021-01-02 05:00:00
0.635867171,2021-01-02 06:00:00
0.747571809,2021-01-02 07:00:00
0.437430843,2021-01-02 08:00:00
0.39872014,2021-01-02 09:00:00
0.639706208,2021-01-02 10:00:00
1.527013228,2021-01-02 11:00:00
2.065263847,2021-01-02 12:00:00
2.740655524,2021-01-02 13:00:00
3.215086412,2021-01-02 14:00:00
3.654288037,2021-01-02 15:00:00
3.671860121,2021-01-02 16:00:00
2.094730374,2021-01-02 17:00:00
1.858971109,2021-01-02 18:00:00
1.745344422,2021-01-02 19:00:00
0.748836369,2021-01-02 20:00:00
1.166843641,2021-01-02 21:00:00
1.10246239,2021-01-02 22:00:00
0.095452374,2021-01-02 23:00:00
0.123251735,2021-01-03 00:00:00
0.497458394,2021-01-03 01:00:00
1.049145693,2021-01-03 02:00:00
1.247219944,2021-01-03 03:00:00
1.225610261,2021-01-03 04:00:00
1.207448097,2021-01-03 05:00:00
1.468889847,2021-01-03 06:00:00
1.58347812,2021-01-03 07:00:00
1.764737566,2021-01-03 08:00:00
1.65137038,2021-01-03 09:00:00
1.327073856,2021-01-03 10:00:00
1.061154348,2021-01-03 11:00:00
0.645533664,2021-01-03 12:00:00
0.314307433,2021-01-03 13:00:00
1.411301504,2021-01-03 14:00:00
2.431327039,2021-01-03 15:00:00
2.198700718,2021-01-03 16:00:00
2.686866201,2021-01-03 17:00:00
2.881803465,2021-01-03 18:00:00
2.293363861,2021-01-03 19:00:00
2.295366972,2021-01-03 20:00:00
1.902121428,2021-01-03 21:00:00
1.873570262,2021-01-03 22:00:00
1.797063464,2021-01-03 23:00:00
1.789888622,2021-01-04 00:00:00
1.220269407,2021-01-04 01:00:00
0.740256934,2021-01-04 02:00:00
0.270252624,2021-01-04 03:00:00
0.420543162,2021-01-04 04:00:00
1.423011174,2021-01-04 05:00:00
0.347182928,2021-01-04 06:00:00
1.329174438,2021-01-04 07:00:00
1.322487732,2021-01-04 08:00:00
0.863183371,2021-01-04 09:00:00
0.406037504,2021-01-04 10:00:00
1.352179274,2021-01-04 11:00:00
2.053494166,2021-01-04 12:00:00
2.453746391,2021-01-04 13:00:00
3.497781376,2021-01-04 14:00:00
4.212044803,2021-01-04 15:00:00
4.4721856,2021-01-04 16:00:00
3.417870992,2021-01-04 17:00:00
2.936710385,2021-01-04 18:00:00
1.833086763,2021-01-04 19:00:00
1.872063225,2021-01-04 20:00:00
1.724648391,2021-01-04 21:00:00
1.3979174,2021-01-04 22:00:00
1.158032061,2021-01-04 23:00:00
1.201190339,2021-01-05 00:00:00
1.179644225,2021-01-05 01:00:00
1.105763871,2021-01-05 02:00:00
0.992451935,2021-01-05 03:00:00
0.527667783,2021-01-05 04:00:00
0.472045907,2021-01-05 05:00:00
0.643849357,2021-01-05 06:00:00
0.505083077,2021-01-05 07:00:00
0.094546768,2021-01-05 08:00:00
0.349605297,2021-01-05 09:00:00
1.012594816,2021-01-05 10:00:00
1.165575601,2021-01-05 11:00:00
1.318793798,2021-01-05 12:00:00
1.508987644,2021-01-05 13:00:00
2.119102286,2021-01-05 14:00:00
2.765140451,2021-01-05 15:00:00
3.173977502,2021-01-05 16:00:00
1.666805093,2021-01-05 17:00:00
1.672571586,2021-01-05 18:00:00
1.664604933,2021-01-05 19:00:00
1.727740762,2021-01-05 20:00:00
1.443874531,2021-01-05 21:00:00
1.347847531,2021-01-05 22:00:00
1.200835788,2021-01-05 23:00:00
0.941629346,2021-01-06 00:00:00
0.751681812,2021-01-06 01:00:00
0.925588808,2021-01-06 02:00:00
0.942341246,2021-01-06 03:00:00
1.088448021,2021-01-06 04:00:00
0.628143865,2021-01-06 05:00:00
1.075081128,2021-01-06 06:00:00
1.290396853,2021-01-06 07:00:00
1.58401944,2021-01-06 08:00:00
1.883082357,2021-01-06 09:00:00
2.010563048,2021-01-06 10:00:00
2.498495062,2021-01-06 11:00:00
2.940642277,2021-01-06 12:00:00
3.314731946,2021-01-06 13:00:00
3.561035969,2021-01-06 14:00:00
4.124164733,2021-01-06 15:00:00
4.470809734,2021-01-06 16:00:00
3.983850126,2021-01-06 17:00:00
3.78819892,2021-01-06 18:00:00
2.670066168,2021-01-06 19:00:00
2.02595111,2021-01-06 20:00:00
1.616570386,2021-01-06 21:00:00
1.314582505,2021-01-06 22:00:00
1.146937375,2021-01-06 23:00:00
0.987560074,2021-01-07 00:00:00
0.977503335,2021-01-07 01:00:00
1.053501673,2021-01-07 02:00:00
0.365931441,2021-01-07 03:00:00
0.293114366,2021-01-07 04:00:00
0.317922909,2021-01-07 05:00:00
0.493508373,2021-01-07 06:00:00
0.241303425,2021-01-07 07:00:00
0.446048064,2021-01-07 08:00:00
0.460529675,2021-01-07 09:00:00
0.49346398,2021-01-07 10:00:00
1.190175619,2021-01-07 11:00:00
1.304229847,2021-01-07 12:00:00
1.151695247,2021-01-07 13:00:00
1.46788482,2021-01-07 14:00:00
1.319094426,2021-01-07 15:00:00
1.516013626,2021-01-07 16:00:00
1.033419393,2021-01-07 17:00:00
1.916795726,2021-01-07 18:00:00
1.805368207,2021-01-07 19:00:00
1.1582955,2021-01-07 20:00:00
0.762653745,2021-01-07 21:00:00
0.480342023,2021-01-07 22:00:00
0.672493464,2021-01-07 23:00:00
0.708738259,2021-01-08 00:00:00
0.739809169,2021-01-08 01:00:00
0.775079396,2021-01-08 02:00:00
0.792338004,2021-01-08 03:00:00
0.948526536,2021-01-08 04:00:00
1.302142199,2021-01-08 05:00:00
0.868406572,2021-01-08 06:00:00
0.974870483,2021-01-08 07:00:00
1.456209151,2021-01-08 08:00:00
0.946410339,2021-01-08 09:00:00
0.632656022,2021-01-08 10:00:00
0.356080422,2021-01-08 11:00:00
0.230231992,2021-01-08 12:00:00
0.599735297,2021-01-08 13:00:00
1.260491901,2021-01-08 14:00:00
1.625426839,2021-01-08 15:00:00
1.881494745,2021-01-08 16:00:00
1.812252315,2021-01-08 17:00:00
2.247482493,2021-01-08 18:00:00
1.874363855,2021-01-08 19:00:00
1.52112123,2021-01-08 20:00:00
1.134400515,2021-01-08 21:00:00
0.715066214,2021-01-08 22:00:00
0.950096288,2021-01-08 23:00:00
0.806360804,2021-01-09 00:00:00
0.763510374,2021-01-09 01:00:00
0.564080614,2021-01-09 02:00:00
0.713622583,2021-01-09 03:00:00
0.910552964,2021-01-09 04:00:00
0.907487673,2021-01-09 05:00:00
0.834706009,2021-01-09 06:00:00
0.930302081,2021-01-09 07:00:00
0.641409949,2021-01-09 08:00:00
0.3231102,2021-01-09 09:00:00
1.150060051,2021-01-09 10:00:00
0.474013385,2021-01-09 11:00:00
0.638712676,2021-01-09 12:00:00
1.449750707,2021-01-09 13:00:00
1.383521724,2021-01-09 14:00:00
1.376963317,2021-01-09 15:00:00
1.588908872,2021-01-09 16:00:00
1.085131046,2021-01-09 17:00:00
1.946200456,2021-01-09 18:00:00
2.285165293,2021-01-09 19:00:00
2.011746689,2021-01-09 20:00:00
2.451521363,2021-01-09 21:00:00
2.349107195,2021-01-09 22:00:00
2.415185056,2021-01-09 23:00:00
2.304626633,2021-01-10 00:00:00
2.112078751,2021-01-10 01:00:00
1.729718564,2021-01-10 02:00:00
1.282521121,2021-01-10 03:00:00
1.148093078,2021-01-10 04:00:00
1.205789776,2021-01-10 05:00:00
1.065995595,2021-01-10 06:00:00
1.104535087,2021-01-10 07:00:00
0.885733205,2021-01-10 08:00:00
0.816537095,2021-01-10 09:00:00
1.442894343,2021-01-10 10:00:00
2.193682675,2021-01-10 11:00:00
3.272945087,2021-01-10 12:00:00
3.728760116,2021-01-10 13:00:00
3.918522269,2021-01-10 14:00:00
4.448501391,2021-01-10 15:00:00
4.938202794,2021-01-10 16:00:00
3.685893096,2021-01-10 17:00:00
3.55933848,2021-01-10 18:00:00
2.392120003,2021-01-10 19:00:00
1.243021236,2021-01-10 20:00:00
1.501814342,2021-01-10 21:00:00
2.03306384,2021-01-10 22:00:00
1.987458209,2021-01-10 23:00:00
1.685856539,2021-01-11 00:00:00
1.386188034,2021-01-11 01:00:00
1.504987176,2021-01-11 02:00:00
1.71914814,2021-01-11 03:00:00
1.876642925,2021-01-11 04:00:00
1.798063009,2021-01-11 05:00:00
1.683030632,2021-01-11 06:00:00
1.617800979,2021-01-11 07:00:00
1.659069298,2021-01-11 08:00:00
1.457365011,2021-01-11 09:00:00
1.274472475,2021-01-11 10:00:00
1.49797976,2021-01-11 11:00:00
2.011547491,2021-01-11 12:00:00
2.864854736,2021-01-11 13:00:00
3.580669728,2021-01-11 14:00:00
3.385911464,2021-01-11 15:00:00
1.868894502,2021-01-11 16:00:00
2.304296701,2021-01-11 17:00:00
3.227986526,2021-01-11 18:00:00
2.942445239,2021-01-11 19:00:00
2.767116933,2021-01-11 20:00:00
2.406982503,2021-01-11 21:00:00
2.038500058,2021-01-11 22:00:00
1.837943713,2021-01-11 23:00:00
1.889242212,2021-01-12 00:00:00
2.070832093,2021-01-12 01:00:00
2.177387875,2021-01-12 02:00:00
2.212343701,2021-01-12 03:00:00
2.190514649,2021-01-12 04:00:00
2.271500956,2021-01-12 05:00:00
2.453015122,2021-01-12 06:00:00
2.381679736,2021-01-12 07:00:00
2.133699814,2021-01-12 08:00:00
2.049182692,2021-01-12 09:00:00
1.714453861,2021-01-12 10:00:00
1.823406827,2021-01-12 11:00:00
2.050634606,2021-01-12 12:00:00
2.18665858,2021-01-12 13:00:00
2.089272265,2021-01-12 14:00:00
2.035549574,2021-01-12 15:00:00
1.676272029,2021-01-12 16:00:00
0.662069021,2021-01-12 17:00:00
1.330857372,2021-01-12 18:00:00
1.84183941,2021-01-12 19:00:00
2.262463713,2021-01-12 20:00:00
2.456300558,2021-01-12 21:00:00
2.448631261,2021-01-12 22:00:00
2.056076014,2021-01-12 23:00:00
1.752711162,2021-01-13 00:00:00
1.705740727,2021-01-13 01:00:00
1.644173361,2021-01-13 02:00:00
1.763814402,2021-01-13 03:00:00
1.76592825,2021-01-13 04:00:00
1.839776308,2021-01-13 05:00:00
2.020173079,2021-01-13 06:00:00
2.015320256,2021-01-13 07:00:00
1.676389088,2021-01-13 08:00:00
1.176099999,2021-01-13 09:00:00
0.655729076,2021-01-13 10:00:00
0.877171904,2021-01-13 11:00:00
1.21912254,2021-01-13 12:00:00
1.324724702,2021-01-13 13:00:00
1.251624041,2021-01-13 14:00:00
1.442039578,2021-01-13 15:00:00
1.683776138,2021-01-13 16:00:00
1.965826418,2021-01-13 17:00:00
3.116138462,2021-01-13 18:00:00
2.99183468,2021-01-13 19:00:00
2.626766972,2021-01-13 20:00:00
2.384003406,2021-01-13 21:00:00
2.314279637,2021-01-13 22:00:00
2.342191739,2021-01-13 23:00:00
2.345446952,2021-01-14 00:00:00
2.373244079,2021-01-14 01:00:00
2.400808629,2021-01-14 02:00:00
2.347256008,2021-01-14 03:00:00
2.429035331,2021-01-14 04:00:00
2.307952839,2021-01-14 05:00:00
2.063602066,2021-01-14 06:00:00
1.038138664,2021-01-14 07:00:00
1.841687031,2021-01-14 08:00:00
3.103565398,2021-01-14 09:00:00
3.094878373,2021-01-14 10:00:00
3.478950609,2021-01-14 11:00:00
3.709645273,2021-01-14 12:00:00
3.826409034,2021-01-14 13:00:00
3.973703425,2021-01-14 14:00:00
4.785448911,2021-01-14 15:00:00
4.694775145,2021-01-14 16:00:00
2.40696832,2021-01-14 17:00:00
2.392504776,2021-01-14 18:00:00
2.748958944,2021-01-14 19:00:00
2.185195507,2021-01-14 20:00:00
2.242362226,2021-01-14 21:00:00
2.323491794,2021-01-14 22:00:00
1.373210201,2021-01-14 23:00:00
1.267952286,2021-01-15 00:00:00
1.290375252,2021-01-15 01:00:00
1.443645248,2021-01-15 02:00:00
1.442533382,2021-01-15 03:00:00
0.82663193,2021-01-15 04:00:00
1.621963681,2021-01-15 05:00:00
1.792797503,2021-01-15 06:00:00
1.743730988,2021-01-15 07:00:00
0.45675375,2021-01-15 08:00:00
1.070147864,2021-01-15 09:00:00
2.237245304,2021-01-15 10:00:00
3.541749929,2021-01-15 11:00:00
4.696393891,2021-01-15 12:00:00
5.21326298,2021-01-15 13:00:00
5.55864475,2021-01-15 14:00:00
5.851527488,2021-01-15 15:00:00
5.257562189,2021-01-15 16:00:00
3.005405369,2021-01-15 17:00:00
1.927668892,2021-01-15 18:00:00
1.743545816,2021-01-15 19:00:00
1.805418676,2021-01-15 20:00:00
1.541950375,2021-01-15 21:00:00
1.139105089,2021-01-15 22:00:00
1.432647359,2021-01-15 23:00:00
1.294103894,2021-01-16 00:00:00
1.542150513,2021-01-16 01:00:00
1.708773701,2021-01-16 02:00:00
1.698492597,2021-01-16 03:00:00
1.460584388,2021-01-16 04:00:00
1.062245446,2021-01-16 05:00:00
1.025294252,2021-01-16 06:00:00
1.341481617,2021-01-16 07:00:00
1.4349105,2021-01-16 08:00:00
1.472832508,2021-01-16 09:00:00
2.928755902,2021-01-16 10:00:00
3.467744437,2021-01-16 11:00:00
4.000862051,2021-01-16 12:00:00
4.399635834,2021-01-16 13:00:00
4.546809066,2021-01-16 14:00:00
4.197913897,2021-01-16 15:00:00
3.581920078,2021-01-16 16:00:00
2.327009329,2021-01-16 17:00:00
1.55222733,2021-01-16 18:00:00
1.339414774,2021-01-16 19:00:00
1.297472781,2021-01-16 20:00:00
1.271830035,2021-01-16 21:00:00
1.524122211,2021-01-16 22:00:00
1.444682067,2021-01-16 23:00:00
1.273370828,2021-01-17 00:00:00
1.333955039,2021-01-17 01:00:00
1.420451574,2021-01-17 02:00:00
1.462920061,2021-01-17 03:00:00
1.390069752,2021-01-17 04:00:00
1.222345178,2021-01-17 05:00:00
1.214568309,2021-01-17 06:00:00
1.38026285,2021-01-17 07:00:00
1.993107665,2021-01-17 08:00:00
1.70922792,2021-01-17 09:00:00
1.689067182,2021-01-17 10:00:00
1.888644696,2021-01-17 11:00:00
2.362326219,2021-01-17 12:00:00
3.324282717,2021-01-17 13:00:00
3.720155584,2021-01-17 14:00:00
3.530771678,2021-01-17 15:00:00
1.992735483,2021-01-17 16:00:00
2.721127536,2021-01-17 17:00:00
3.009885522,2021-01-17 18:00:00
2.460193455,2021-01-17 19:00:00
2.040784664,2021-01-17 20:00:00
1.923087519,2021-01-17 21:00:00
1.995258107,2021-01-17 22:00:00
2.059248953,2021-01-17 23:00:00
2.148157879,2021-01-18 00:00:00
2.150984326,2021-01-18 01:00:00
2.104985236,2021-01-18 02:00:00
2.046282899,2021-01-18 03:00:00
1.901455699,2021-01-18 04:00:00
2.057376592,2021-01-18 05:00:00
1.915898165,2021-01-18 06:00:00
1.925191564,2021-01-18 07:00:00
1.736249567,2021-01-18 08:00:00
1.519419027,2021-01-18 09:00:00
1.127737176,2021-01-18 10:00:00
0.999832156,2021-01-18 11:00:00
0.884489769,2021-01-18 12:00:00
0.725101993,2021-01-18 13:00:00
0.539839362,2021-01-18 14:00:00
0.389654818,2021-01-18 15:00:00
1.110032682,2021-01-18 16:00:00
1.140818662,2021-01-18 17:00:00
1.319004382,2021-01-18 18:00:00
1.175691345,2021-01-18 19:00:00
1.452114827,2021-01-18 20:00:00
1.735351296,2021-01-18 21:00:00
2.045225348,2021-01-18 22:00:00
1.710989148,2021-01-18 23:00:00
1.306636354,2021-01-19 00:00:00
1.051542723,2021-01-19 01:00:00
1.098848849,2021-01-19 02:00:00
1.143274695,2021-01-19 03:00:00
1.058191693,2021-01-19 04:00:00
0.71797321,2021-01-19 05:00:00
0.701228336,2021-01-19 06:00:00
0.934644415,2021-01-19 07:00:00
0.609541162,2021-01-19 08:00:00
0.462828633,2021-01-19 09:00:00
0.856769174,2021-01-19 10:00:00
1.474192778,2021-01-19 11:00:00
1.787249599,2021-01-19 12:00:00
1.897411328,2021-01-19 13:00:00
1.889753763,2021-01-19 14:00:00
2.160528087,2021-01-19 15:00:00
2.157361079,2021-01-19 16:00:00
1.962658154,2021-01-19 17:00:00
1.495879871,2021-01-19 18:00:00
1.516238099,2021-01-19 19:00:00
1.171709936,2021-01-19 20:00:00
0.504704222,2021-01-19 21:00:00
0.600387801,2021-01-19 22:00:00
0.535113907,2021-01-19 23:00:00
0.602408716,2021-01-20 00:00:00
1.068925058,2021-01-20 01:00:00
1.273037705,2021-01-20 02:00:00
1.258085903,2021-01-20 03:00:00
1.383789547,2021-01-20 04:00:00
1.175126892,2021-01-20 05:00:00
0.920453295,2021-01-20 06:00:00
1.123419233,2021-01-20 07:00:00
1.087351204,2021-01-20 08:00:00
0.953905303,2021-01-20 09:00:00
0.763748595,2021-01-20 10:00:00
0.744284095,2021-01-20 11:00:00
0.87351219,2021-01-20 12:00:00
1.183713444,2021-01-20 13:00:00
1.085124354,2021-01-20 14:00:00
0.827303556,2021-01-20 15:00:00
0.740443374,2021-01-20 16:00:00
0.814216697,2021-01-20 17:00:00
1.035704323,2021-01-20 18:00:00
1.124701731,2021-01-20 19:00:00
1.088778584,2021-01-20 20:00:00
1.139165562,2021-01-20 21:00:00
1.296016654,2021-01-20 22:00:00
1.46614126,2021-01-20 23:00:00
1.433674289,2021-01-21 00:00:00
1.131781676,2021-01-21 01:00:00
1.080180236,2021-01-21 02:00:00
0.974010533,2021-01-21 03:00:00
0.872210099,2021-01-21 04:00:00
1.527089261,2021-01-21 05:00:00
1.267057658,2021-01-21 06:00:00
1.31459684,2021-01-21 07:00:00
1.129498283,2021-01-21 08:00:00
0.836679866,2021-01-21 09:00:00
0.461401458,2021-01-21 10:00:00
1.103169398,2021-01-21 11:00:00
1.368438408,2021-01-21 12:00:00
1.40835601,2021-01-21 13:00:00
1.633300133,2021-01-21 14:00:00
2.127505653,2021-01-21 15:00:00
1.961932821,2021-01-21 16:00:00
1.84148622,2021-01-21 17:00:00
2.092171868,2021-01-21 18:00:00
2.107589422,2021-01-21 19:00:00
1.651541153,2021-01-21 20:00:00
1.233035849,2021-01-21 21:00:00
1.470706226,2021-01-21 22:00:00
1.56118297,2021-01-21 23:00:00
1.479537082,2021-01-22 00:00:00
1.277798508,2021-01-22 01:00:00
1.413449265,2021-01-22 02:00:00
1.615573809,2021-01-22 03:00:00
1.661146871,2021-01-22 04:00:00
1.436744872,2021-01-22 05:00:00
1.34631167,2021-01-22 06:00:00
1.521320393,2021-01-22 07:00:00
1.349585446,2021-01-22 08:00:00
1.397274915,2021-01-22 09:00:00
1.174493266,2021-01-22 10:00:00
1.157327735,2021-01-22 11:00:00
1.328481174,2021-01-22 12:00:00
1.427358433,2021-01-22 13:00:00
1.848910557,2021-01-22 14:00:00
1.949583638,2021-01-22 15:00:00
1.319692413,2021-01-22 16:00:00
1.157335535,2021-01-22 17:00:00
2.308860124,2021-01-22 18:00:00
2.883333773,2021-01-22 19:00:00
2.943187563,2021-01-22 20:00:00
2.676145606,2021-01-22 21:00:00
2.601529855,2021-01-22 22:00:00
2.499001487,2021-01-22 23:00:00
2.327256457,2021-01-23 00:00:00
2.1509603,2021-01-23 01:00:00
1.796967644,2021-01-23 02:00:00
1.625521704,2021-01-23 03:00:00
1.372332452,2021-01-23 04:00:00
1.253204347,2021-01-23 05:00:00
1.024489718,2021-01-23 06:00:00
1.120401488,2021-01-23 07:00:00
1.300133024,2021-01-23 08:00:00
1.19560146,2021-01-23 09:00:00
0.573017415,2021-01-23 10:00:00
0.704307346,2021-01-23 11:00:00
1.415653563,2021-01-23 12:00:00
1.633730597,2021-01-23 13:00:00
1.867300116,2021-01-23 14:00:00
1.913765864,2021-01-23 15:00:00
1.358881049,2021-01-23 16:00:00
1.806237949,2021-01-23 17:00:00
1.959946665,2021-01-23 18:00:00
1.499860997,2021-01-23 19:00:00
0.880252804,2021-01-23 20:00:00
1.034737457,2021-01-23 21:00:00
0.954244278,2021-01-23 22:00:00
1.118188564,2021-01-23 23:00:00
0.944039709,2021-01-24 00:00:00
0.835267795,2021-01-24 01:00:00
1.030755816,2021-01-24 02:00:00
1.0824942,2021-01-24 03:00:00
1.028789814,2021-01-24 04:00:00
0.704150538,2021-01-24 05:00:00
0.727454508,2021-01-24 06:00:00
0.423759267,2021-01-24 07:00:00
0.748300189,2021-01-24 08:00:00
1.143940561,2021-01-24 09:00:00
1.685272248,2021-01-24 10:00:00
2.201826431,2021-01-24 11:00:00
2.707671466,2021-01-24 12:00:00
3.770812111,2021-01-24 13:00:00
3.992044162,2021-01-24 14:00:00
3.318967507,2021-01-24 15:00:00
3.148529708,2021-01-24 16:00:00
2.52343645,2021-01-24 17:00:00
2.071892292,2021-01-24 18:00:00
1.708199957,2021-01-24 19:00:00
1.001493379,2021-01-24 20:00:00
0.774445409,2021-01-24 21:00:00
1.343005635,2021-01-24 22:00:00
1.036728449,2021-01-24 23:00:00
1.283596837,2021-01-25 00:00:00
1.340803076,2021-01-25 01:00:00
1.326157895,2021-01-25 02:00:00
1.371074911,2021-01-25 03:00:00
1.386939358,2021-01-25 04:00:00
1.215600519,2021-01-25 05:00:00
0.530146612,2021-01-25 06:00:00
0.822056665,2021-01-25 07:00:00
0.872662826,2021-01-25 08:00:00
0.820408442,2021-01-25 09:00:00
0.899815803,2021-01-25 10:00:00
1.279194151,2021-01-25 11:00:00
1.188423229,2021-01-25 12:00:00
0.624864781,2021-01-25 13:00:00
0.654914916,2021-01-25 14:00:00
1.32238529,2021-01-25 15:00:00
1.810681598,2021-01-25 16:00:00
1.765101933,2021-01-25 17:00:00
1.021513309,2021-01-25 18:00:00
0.943590185,2021-01-25 19:00:00
1.230419568,2021-01-25 20:00:00
1.732708361,2021-01-25 21:00:00
1.32746661,2021-01-25 22:00:00
1.525201826,2021-01-25 23:00:00
1.77313554,2021-01-26 00:00:00
1.569829121,2021-01-26 01:00:00
1.662729653,2021-01-26 02:00:00
1.469610317,2021-01-26 03:00:00
1.361637294,2021-01-26 04:00:00
14.987947857655813,2021-01-26 05:00:00
0.680682392,2021-01-26 06:00:00
0.119021207,2021-01-26 07:00:00
0.612793573,2021-01-26 08:00:00
0.694611186,2021-01-26 09:00:00
0.999538048,2021-01-26 10:00:00
1.112587402,2021-01-26 11:00:00
1.304545462,2021-01-26 12:00:00
12.596464892120176,2021-01-26 13:00:00
1.436856917,2021-01-26 14:00:00
1.479849222,2021-01-26 15:00:00
1.790131599,2021-01-26 16:00:00
1.539325475,2021-01-26 17:00:00
1.856565426,2021-01-26 18:00:00
1.377110395,2021-01-26 19:00:00
1.034394906,2021-01-26 20:00:00
0.298306678,2021-01-26 21:00:00
0.378874215,2021-01-26 22:00:00
0.709901701,2021-01-26 23:00:00
0.548385488,2021-01-27 00:00:00
0.994363697,2021-01-27 01:00:00
0.766174431,2021-01-27 02:00:00
0.758899561,2021-01-27 03:00:00
0.721356165,2021-01-27 04:00:00
1.443464327,2021-01-27 05:00:00
1.45632752,2021-01-27 06:00:00
1.41827215,2021-01-27 07:00:00
1.138776403,2021-01-27 08:00:00
0.580994784,2021-01-27 09:00:00
0.449458372,2021-01-27 10:00:00
1.500225711,2021-01-27 11:00:00
1.959815643,2021-01-27 12:00:00
2.294439156,2021-01-27 13:00:00
3.023915132,2021-01-27 14:00:00
3.942547331,2021-01-27 15:00:00
4.451540224,2021-01-27 16:00:00
3.216413151,2021-01-27 17:00:00
2.560743882,2021-01-27 18:00:00
2.011030558,2021-01-27 19:00:00
1.877461837,2021-01-27 20:00:00
2.023673838,2021-01-27 21:00:00
1.63558847,2021-01-27 22:00:00
1.522138517,2021-01-27 23:00:00
1.401478913,2021-01-28 00:00:00
0.661229976,2021-01-28 01:00:00
0.618565765,2021-01-28 02:00:00
1.190570072,2021-01-28 03:00:00
1.013163899,2021-01-28 04:00:00
1.128015935,2021-01-28 05:00:00
1.192018316,2021-01-28 06:00:00
1.343383778,2021-01-28 07:00:00
1.369549529,2021-01-28 08:00:00
1.131170733,2021-01-28 09:00:00
1.049880245,2021-01-28 10:00:00
0.918522606,2021-01-28 11:00:00
1.015164634,2021-01-28 12:00:00
0.757088863,2021-01-28 13:00:00
0.30036833,2021-01-28 14:00:00
0.472186023,2021-01-28 15:00:00
1.181822883,2021-01-28 16:00:00
1.70533413,2021-01-28 17:00:00
1.478984305,2021-01-28 18:00:00
0.877020792,2021-01-28 19:00:00
1.028460431,2021-01-28 20:00:00
1.255237172,2021-01-28 21:00:00
1.315344848,2021-01-28 22:00:00
1.377995404,2021-01-28 23:00:00
1.150969342,2021-01-29 00:00:00
0.971067492,2021-01-29 01:00:00
0.943279787,2021-01-29 02:00:00
0.86501198,2021-01-29 03:00:00
0.771457759,2021-01-29 04:00:00
0.925815498,2021-01-29 05:00:00
1.159051817,2021-01-29 06:00:00
0.756600859,2021-01-29 07:00:00
0.708032382,2021-01-29 08:00:00
0.431619227,2021-01-29 09:00:00
0.691270038,2021-01-29 10:00:00
1.444288334,2021-01-29 11:00:00
1.963968204,2021-01-29 12:00:00
2.786938544,2021-01-29 13:00:00
3.215941038,2021-01-29 14:00:00
3.379676749,2021-01-29 15:00:00
3.122783038,2021-01-29 16:00:00
1.558349861,2021-01-29 17:00:00
2.185256904,2021-01-29 18:00:00
2.002482098,2021-01-29 19:00:00
1.390167429,2021-01-29 20:00:00
1.235935823,2021-01-29 21:00:00
1.279609842,2021-01-29 22:00:00
1.223083322,2021-01-29 23:00:00
1.017748068,2021-01-30 00:00:00
1.09582528,2021-01-30 01:00:00
1.033159465,2021-01-30 02:00:00
1.184592977,2021-01-30 03:00:00
1.384975943,2021-01-30 04:00:00
1.421042094,2021-01-30 05:00:00
1.214962437,2021-01-30 06:00:00
0.967998722,2021-01-30 07:00:00
0.780049452,2021-01-30 08:00:00
0.32314253,2021-01-30 09:00:00
0.537026539,2021-01-30 10:00:00
0.876746101,2021-01-30 11:00:00
1.189006412,2021-01-30 12:00:00
1.534238312,2021-01-30 13:00:00
1.893476233,2021-01-30 14:00:00
2.33251012,2021-01-30 15:00:00
2.760880927,2021-01-30 16:00:00
14.743921567211093,2021-01-30 17:00:00
2.006223866,2021-01-30 18:00:00
1.496540251,2021-01-30 19:00:00
1.076531869,2021-01-30 20:00:00
0.946702717,2021-01-30 21:00:00
1.183486686,2021-01-30 22:00:00
1.412274967,2021-01-30 23:00:00
1.341805992,2021-01-31 00:00:00
1.126980275,2021-01-31 01:00:00
1.106361798,2021-01-31 02:00:00
1.042232643,2021-01-31 03:00:00
0.995220997,2021-01-31 04:00:00
1.278555267,2021-01-31 05:00:00
1.164705095,2021-01-31 06:00:00
1.223394115,2021-01-31 07:00:00
0.940149686,2021-01-31 08:00:00
0.474540934,2021-01-31 09:00:00
0.896658896,2021-01-31 10:00:00
1.616100334,2021-01-31 11:00:00
1.732622577,2021-01-31 12:00:00
1.584798354,2021-01-31 13:00:00
1.650488146,2021-01-31 14:00:00
1.733857997,2021-01-31 15:00:00
2.149276901,2021-01-31 16:00:00
1.86044767,2021-01-31 17:00:00
2.150167581,2021-01-31 18:00:00
2.252765532,2021-01-31 19:00:00
2.126095809,2021-01-31 20:00:00
1.81149041,2021-01-31 21:00:00
1.214442504,2021-01-31 22:00:00
0.687312144,2021-01-31 23:00:00
0.921759694,2021-02-01 00:00:00
1.229413482,2021-02-01 01:00:00
1.407637013,2021-02-01 02:00:00
1.518872784,2021-02-01 03:00:00
1.472023546,2021-02-01 04:00:00
1.425964717,2021-02-01 05:00:00
1.445059184,2021-02-01 06:00:00
1.188270057,2021-02-01 07:00:00
0.985033301,2021-02-01 08:00:00
0.768683919,2021-02-01 09:00:00
0.209723718,2021-02-01 10:00:00
0.763875306,2021-02-01 11:00:00
1.229632124,2021-02-01 12:00:00
1.525454071,2021-02-01 13:00:00
1.962511857,2021-02-01 14:00:00
2.924862256,2021-02-01 15:00:00
3.427598677,2021-02-01 16:00:00
2.183184263,2021-02-01 17:00:00
2.743149303,2021-02-01 18:00:00
2.371709504,2021-02-01 19:00:00
1.964986372,2021-02-01 20:00:00
1.652576785,2021-02-01 21:00:00
1.349977366,2021-02-01 22:00:00
1.26415038,2021-02-01 23:00:00
1.089185059,2021-02-02 00:00:00
0.335488169,2021-02-02 01:00:00
0.288956149,2021-02-02 02:00:00
1.080817846,2021-02-02 03:00:00
1.481617385,2021-02-02 04:00:00
1.725492027,2021-02-02 05:00:00
1.628817851,2021-02-02 06:00:00
1.649201861,2021-02-02 07:00:00
1.964965873,2021-02-02 08:00:00
1.579625543,2021-02-02 09:00:00
1.377931779,2021-02-02 10:00:00
1.232748039,2021-02-02 11:00:00
1.10883797,2021-02-02 12:00:00
1.139506921,2021-02-02 13:00:00
1.200588662,2021-02-02 14:00:00
0.890438129,2021-02-02 15:00:00
0.474971833,2021-02-02 16:00:00
1.426848962,2021-02-02 17:00:00
1.3937687,2021-02-02 18:00:00
1.781009674,2021-02-02 19:00:00
1.755930216,2021-02-02 20:00:00
1.179430084,2021-02-02 21:00:00
1.73114235,2021-02-02 22:00:00
1.529115191,2021-02-02 23:00:00
1.039827977,2021-02-03 00:00:00
1.098316993,2021-02-03 01:00:00
0.955535493,2021-02-03 02:00:00
1.127770123,2021-02-03 03:00:00
1.357031774,2021-02-03 04:00:00
1.643916519,2021-02-03 05:00:00
1.525404837,2021-02-03 06:00:00
1.585517883,2021-02-03 07:00:00
1.377525516,2021-02-03 08:00:00
0.957202554,2021-02-03 09:00:00
1.086171855,2021-02-03 10:00:00
1.302147078,2021-02-03 11:00:00
1.429542402,2021-02-03 12:00:00
1.908083667,2021-02-03 13:00:00
2.2732226,2021-02-03 14:00:00
2.846996126,2021-02-03 15:00:00
3.300956146,2021-02-03 16:00:00
2.370723808,2021-02-03 17:00:00
2.969620582,2021-02-03 18:00:00
2.399361981,2021-02-03 19:00:00
2.186782901,2021-02-03 20:00:00
1.584582931,2021-02-03 21:00:00
0.793628157,2021-02-03 22:00:00
0.745139667,2021-02-03 23:00:00
0.826866459,2021-02-04 00:00:00
0.855399053,2021-02-04 01:00:00
0.620524101,2021-02-04 02:00:00
0.533840545,2021-02-04 03:00:00
0.629335872,2021-02-04 04:00:00
1.126974425,2021-02-04 05:00:00
1.082168504,2021-02-04 06:00:00
1.176746158,2021-02-04 07:00:00
0.6458717,2021-02-04 08:00:00
0.054420911,2021-02-04 09:00:00
0.82407953,2021-02-04 10:00:00
1.050871527,2021-02-04 11:00:00
1.233569282,2021-02-04 12:00:00
1.82855804,2021-02-04 13:00:00
2.766052436,2021-02-04 14:00:00
3.202892955,2021-02-04 15:00:00
3.187525043,2021-02-04 16:00:00
1.874370611,2021-02-04 17:00:00
2.484318615,2021-02-04 18:00:00
2.257178006,2021-02-04 19:00:00
1.606032832,2021-02-04 20:00:00
1.738828184,2021-02-04 21:00:00
2.123859954,2021-02-04 22:00:00
1.686392392,2021-02-04 23:00:00
1.327902519,2021-02-05 00:00:00
1.3790852,2021-02-05 01:00:00
1.665961419,2021-02-05 02:00:00
1.769934884,2021-02-05 03:00:00
1.604307813,2021-02-05 04:00:00
1.874667029,2021-02-05 05:00:00
1.917829195,2021-02-05 06:00:00
1.871713176,2021-02-05 07:00:00
1.921614246,2021-02-05 08:00:00
1.344544998,2021-02-05 09:00:00
1.273710149,2021-02-05 10:00:00
1.505397598,2021-02-05 11:00:00
1.87009593,2021-02-05 12:00:00
2.115157124,2021-02-05 13:00:00
1.944397961,2021-02-05 14:00:00
1.260541324,2021-02-05 15:00:00
0.197566065,2021-02-05 16:00:00
1.865637294,2021-02-05 17:00:00
2.910691486,2021-02-05 18:00:00
3.269565909,2021-02-05 19:00:00
3.02534394,2021-02-05 20:00:00
2.72829489,2021-02-05 21:00:00
2.272002471,2021-02-05 22:00:00
1.894117095,2021-02-05 23:00:00
1.712101739,2021-02-06 00:00:00
1.56637816,2021-02-06 01:00:00
1.481808598,2021-02-06 02:00:00
1.412764222,2021-02-06 03:00:00
1.145463088,2021-02-06 04:00:00
0.98793032,2021-02-06 05:00:00
1.237627448,2021-02-06 06:00:00
0.909503516,2021-02-06 07:00:00
1.096818922,2021-02-06 08:00:00
0.680683437,2021-02-06 09:00:00
1.261797006,2021-02-06 10:00:00
1.759333387,2021-02-06 11:00:00
1.815854166,2021-02-06 12:00:00
2.39598644,2021-02-06 13:00:00
2.951454225,2021-02-06 14:00:00
3.159120764,2021-02-06 15:00:00
3.073064696,2021-02-06 16:00:00
2.772877086,2021-02-06 17:00:00
2.628680319,2021-02-06 18:00:00
2.417304504,2021-02-06 19:00:00
2.139422253,2021-02-06 20:00:00
1.769138315,2021-02-06 21:00:00
1.6432097,2021-02-06 22:00:00
1.712665706,2021-02-06 23:00:00
1.592052581,2021-02-07 00:00:00
1.379413208,2021-02-07 01:00:00
1.324361809,2021-02-07 02:00:00
1.138874142,2021-02-07 03:00:00
1.234449243,2021-02-07 04:00:00
1.167112745,2021-02-07 05:00:00
0.953701171,2021-02-07 06:00:00
0.707589768,2021-02-07 07:00:00
0.59450349,2021-02-07 08:00:00
0.555019402,2021-02-07 09:00:00
0.651732182,2021-02-07 10:00:00
0.701905495,2021-02-07 11:00:00
0.703121953,2021-02-07 12:00:00
0.623105393,2021-02-07 13:00:00
0.412950458,2021-02-07 14:00:00
0.477438809,2021-02-07 15:00:00
0.893079952,2021-02-07 16:00:00
0.844003213,2021-02-07 17:00:00
0.906997333,2021-02-07 18:00:00
1.228216854,2021-02-07 19:00:00
1.713139519,2021-02-07 20:00:00
1.749300306,2021-02-07 21:00:00
1.665931697,2021-02-07 22:00:00
1.657384784,2021-02-07 23:00:00
1.696762475,2021-02-08 00:00:00
1.325422407,2021-02-08 01:00:00
0.863844318,2021-02-08 02:00:00
0.754149852,2021-02-08 03:00:00
0.824082468,2021-02-08 04:00:00
1.100221625,2021-02-08 05:00:00
1.35279141,2021-02-08 06:00:00
1.250563256,2021-02-08 07:00:00
1.145025175,2021-02-08 08:00:00
0.762235875,2021-02-08 09:00:00
0.439619175,2021-02-08 10:00:00
0.771516945,2021-02-08 11:00:00
0.81096236,2021-02-08 12:00:00
0.568874491,2021-02-08 13:00:00
0.734885533,2021-02-08 14:00:00
1.174177356,2021-02-08 15:00:00
1.559458687,2021-02-08 16:00:00
2.206423392,2021-02-08 17:00:00
2.445430778,2021-02-08 18:00:00
2.016074329,2021-02-08 19:00:00
1.578909788,2021-02-08 20:00:00
1.861546987,2021-02-08 21:00:00
1.693091254,2021-02-08 22:00:00
1.433800661,2021-02-08 23:00:00
1.281563712,2021-02-09 00:00:00
1.167063638,2021-02-09 01:00:00
1.425364605,2021-02-09 02:00:00
1.567882485,2021-02-09 03:00:00
1.632785027,2021-02-09 04:00:00
1.646360038,2021-02-09 05:00:00
1.500780411,2021-02-09 06:00:00
1.437002157,2021-02-09 07:00:00
1.656682397,2021-02-09 08:00:00
1.260653573,2021-02-09 09:00:00
0.992413622,2021-02-09 10:00:00
0.92287197,2021-02-09 11:00:00
0.745194026,2021-02-09 12:00:00
0.553684804,2021-02-09 13:00:00
0.126329614,2021-02-09 14:00:00
0.566002548,2021-02-09 15:00:00
1.01676473,2021-02-09 16:00:00
1.633763423,2021-02-09 17:00:00
1.701272584,2021-02-09 18:00:00
1.674945368,2021-02-09 19:00:00
1.611354031,2021-02-09 20:00:00
1.761964478,2021-02-09 21:00:00
1.87529892,2021-02-09 22:00:00
2.010287004,2021-02-09 23:00:00
1.983648157,2021-02-10 00:00:00
1.965650097,2021-02-10 01:00:00
1.988829595,2021-02-10 02:00:00
1.998125048,2021-02-10 03:00:00
2.007171122,2021-02-10 04:00:00
2.142504398,2021-02-10 05:00:00
1.856212712,2021-02-10 06:00:00
1.707614554,2021-02-10 07:00:00
1.305746199,2021-02-10 08:00:00
0.74364292,2021-02-10 09:00:00
0.185187305,2021-02-10 10:00:00
0.114735767,2021-02-10 11:00:00
0.503013667,2021-02-10 12:00:00
1.083802327,2021-02-10 13:00:00
1.305231613,2021-02-10 14:00:00
1.328391754,2021-02-10 15:00:00
1.218107346,2021-02-10 16:00:00
2.199969674,2021-02-10 17:00:00
0.397079783,2021-02-10 18:00:00
1.14980094,2021-02-10 19:00:00
1.43843801,2021-02-10 20:00:00
1.550274305,2021-02-10 21:00:00
1.444596852,2021-02-10 22:00:00
0.657754575,2021-02-10 23:00:00
2.307467241,2021-02-11 00:00:00
1.622080885,2021-02-11 01:00:00
1.783098225,2021-02-11 02:00:00
1.875268989,2021-02-11 03:00:00
2.038388392,2021-02-11 04:00:00
1.987742561,2021-02-11 05:00:00
1.475706845,2021-02-11 06:00:00
1.697497189,2021-02-11 07:00:00
2.064648176,2021-02-11 08:00:00
1.666552417,2021-02-11 09:00:00
2.010629293,2021-02-11 10:00:00
2.184274012,2021-02-11 11:00:00
2.051782129,2021-02-11 12:00:00
2.037436229,2021-02-11 13:00:00
2.049346148,2021-02-11 14:00:00
1.920788684,2021-02-11 15:00:00
1.944578769,2021-02-11 16:00:00
2.159442498,2021-02-11 17:00:00
2.851033341,2021-02-11 18:00:00
3.177819101,2021-02-11 19:00:00
3.547828793,2021-02-11 20:00:00
3.143090864,2021-02-11 21:00:00
2.789826747,2021-02-11 22:00:00
2.486294662,2021-02-11 23:00:00
2.355187311,2021-02-12 00:00:00
2.225737598,2021-02-12 01:00:00
2.01017788,2021-02-12 02:00:00
1.922471111,2021-02-12 03:00:00
1.906219686,2021-02-12 04:00:00
1.796382707,2021-02-12 05:00:00
1.714861962,2021-02-12 06:00:00
1.534563856,2021-02-12 07:00:00
1.14415913,2021-02-12 08:00:00
0.387491889,2021-02-12 09:00:00
0.951027211,2021-02-12 10:00:00
1.578866281,2021-02-12 11:00:00
2.172320754,2021-02-12 12:00:00
3.211637485,2021-02-12 13:00:00
3.83187644,2021-02-12 14:00:00
4.318347669,2021-02-12 15:00:00
3.764594643,2021-02-12 16:00:00
3.290591404,2021-02-12 17:00:00
3.24306415,2021-02-12 18:00:00
2.706811214,2021-02-12 19:00:00
2.870842845,2021-02-12 20:00:00
1.967768451,2021-02-12 21:00:00
0.572280218,2021-02-12 22:00:00
0.973757796,2021-02-12 23:00:00
1.368047626,2021-02-13 00:00:00
1.893237921,2021-02-13 01:00:00
2.378949536,2021-02-13 02:00:00
2.121162995,2021-02-13 03:00:00
1.854174097,2021-02-13 04:00:00
1.879609824,2021-02-13 05:00:00
1.663440564,2021-02-13 06:00:00
1.66477599,2021-02-13 07:00:00
1.936708145,2021-02-13 08:00:00
1.592785439,2021-02-13 09:00:00
1.832220113,2021-02-13 10:00:00
2.493645346,2021-02-13 11:00:00
3.141915652,2021-02-13 12:00:00
3.68851374,2021-02-13 13:00:00
4.124998962,2021-02-13 14:00:00
4.523139028,2021-02-13 15:00:00
4.071653971,2021-02-13 16:00:00
2.554101519,2021-02-13 17:00:00
2.608582069,2021-02-13 18:00:00
1.988118357,2021-02-13 19:00:00
1.771739322,2021-02-13 20:00:00
2.429962372,2021-02-13 21:00:00
2.490412717,2021-02-13 22:00:00
2.371468857,2021-02-13 23:00:00
2.230726291,2021-02-14 00:00:00
2.210055586,2021-02-14 01:00:00
2.107547758,2021-02-14 02:00:00
2.001814264,2021-02-14 03:00:00
1.930729617,2021-02-14 04:00:00
1.849878071,2021-02-14 05:00:00
1.840720391,2021-02-14 06:00:00
1.750328607,2021-02-14 07:00:00
1.26093991,2021-02-14 08:00:00
0.289470741,2021-02-14 09:00:00
1.625246232,2021-02-14 10:00:00
2.85673204,2021-02-14 11:00:00
4.504638207,2021-02-14 12:00:00
5.717862381,2021-02-14 13:00:00
6.422941747,2021-02-14 14:00:00
6.622742841,2021-02-14 15:00:00
6.186714649,2021-02-14 16:00:00
4.222718923,2021-02-14 17:00:00
2.825233765,2021-02-14 18:00:00
2.795905335,2021-02-14 19:00:00
2.88340915,2021-02-14 20:00:00
2.802562243,2021-02-14 21:00:00
2.157051679,2021-02-14 22:00:00
1.921108935,2021-02-14 23:00:00
1.777703036,2021-02-15 00:00:00
1.48946871,2021-02-15 01:00:00
1.288007759,2021-02-15 02:00:00
1.131242599,2021-02-15 03:00:00
1.082410944,2021-02-15 04:00:00
0.974119898,2021-02-15 05:00:00
0.633561693,2021-02-15 06:00:00
0.52817438,2021-02-15 07:00:00
0.548353262,2021-02-15 08:00:00
0.32364248,2021-02-15 09:00:00
0.581403602,2021-02-15 10:00:00
1.034986517,2021-02-15 11:00:00
1.197761041,2021-02-15 12:00:00
0.825056374,2021-02-15 13:00:00
0.248778145,2021-02-15 14:00:00
0.801461218,2021-02-15 15:00:00
1.695355049,2021-02-15 16:00:00
1.874027364,2021-02-15 17:00:00
2.692618609,2021-02-15 18:00:00
3.322587335,2021-02-15 19:00:00
3.090346734,2021-02-15 20:00:00
2.385184773,2021-02-15 21:00:00
1.904458354,2021-02-15 22:00:00
1.676476717,2021-02-15 23:00:00
1.749181803,2021-02-16 00:00:00
1.815185182,2021-02-16 01:00:00
1.75059286,2021-02-16 02:00:00
1.683766423,2021-02-16 03:00:00
1.722925315,2021-02-16 04:00:00
1.444126354,2021-02-16 05:00:00
1.149037802,2021-02-16 06:00:00
0.927934589,2021-02-16 07:00:00
0.602454436,2021-02-16 08:00:00
0.236769939,2021-02-16 09:00:00
0.637748487,2021-02-16 10:00:00
0.894282316,2021-02-16 11:00:00
0.933008523,2021-02-16 12:00:00
1.315724355,2021-02-16 13:00:00
1.603962825,2021-02-16 14:00:00
14.897045380375651,2021-02-16 15:00:00
2.034300636,2021-02-16 16:00:00
1.309948838,2021-02-16 17:00:00
2.49631842,2021-02-16 18:00:00
2.879447146,2021-02-16 19:00:00
3.037676217,2021-02-16 20:00:00
2.611889004,2021-02-16 21:00:00
2.222802409,2021-02-16 22:00:00
1.893130316,2021-02-16 23:00:00
1.827827669,2021-02-17 00:00:00
1.836037831,2021-02-17 01:00:00
1.533002207,2021-02-17 02:00:00
1.172376189,2021-02-17 03:00:00
1.021865877,2021-02-17 04:00:00
1.08812718,2021-02-17 05:00:00
1.236584726,2021-02-17 06:00:00
0.735290674,2021-02-17 07:00:00
0.51351584,2021-02-17 08:00:00
0.193451089,2021-02-17 09:00:00
0.26163759,2021-02-17 10:00:00
0.333986557,2021-02-17 11:00:00
0.785314824,2021-02-17 12:00:00
1.23760313,2021-02-17 13:00:00
1.610086304,2021-02-17 14:00:00
1.881018658,2021-02-17 15:00:00
1.714810381,2021-02-17 16:00:00
1.574393865,2021-02-17 17:00:00
1.50680679,2021-02-17 18:00:00
1.04038854,2021-02-17 19:00:00
0.610184544,2021-02-17 20:00:00
0.954246708,2021-02-17 21:00:00
1.225680382,2021-02-17 22:00:00
1.448212591,2021-02-17 23:00:00
1.583326766,2021-02-18 00:00:00
1.616194697,2021-02-18 01:00:00
1.745668856,2021-02-18 02:00:00
1.577130878,2021-02-18 03:00:00
1.491248634,2021-02-18 04:00:00
1.588754794,2021-02-18 05:00:00
1.767390381,2021-02-18 06:00:00
1.733955052,2021-02-18 07:00:00
1.485019109,2021-02-18 08:00:00
1.092756036,2021-02-18 09:00:00
1.313094437,2021-02-18 10:00:00
2.057481905,2021-02-18 11:00:00
3.300733139,2021-02-18 12:00:00
3.653629385,2021-02-18 13:00:00
3.220696337,2021-02-18 14:00:00
2.67891232,2021-02-18 15:00:00
2.050590688,2021-02-18 16:00:00
0.935544177,2021-02-18 17:00:00
1.775019936,2021-02-18 18:00:00
2.486382078,2021-02-18 19:00:00
2.783372223,2021-02-18 20:00:00
2.579962376,2021-02-18 21:00:00
2.29065188,2021-02-18 22:00:00
1.996986504,2021-02-18 23:00:00
1.745223704,2021-02-19 00:00:00
1.665013085,2021-02-19 01:00:00
1.680528649,2021-02-19 02:00:00
1.689332235,2021-02-19 03:00:00
1.723846307,2021-02-19 04:00:00
1.88218719,2021-02-19 05:00:00
1.826844428,2021-02-19 06:00:00
1.749354113,2021-02-19 07:00:00
1.713181338,2021-02-19 08:00:00
1.14365059,2021-02-19 09:00:00
0.969700429,2021-02-19 10:00:00
1.402538151,2021-02-19 11:00:00
1.890598404,2021-02-19 12:00:00
2.38321234,2021-02-19 13:00:00
2.385785525,2021-02-19 14:00:00
1.903835432,2021-02-19 15:00:00
1.057976393,2021-02-19 16:00:00
1.394751654,2021-02-19 17:00:00
2.935612381,2021-02-19 18:00:00
3.663560665,2021-02-19 19:00:00
3.501088955,2021-02-19 20:00:00
2.932378735,2021-02-19 21:00:00
2.652941082,2021-02-19 22:00:00
2.457149514,2021-02-19 23:00:00
2.280056264,2021-02-20 00:00:00
2.043453646,2021-02-20 01:00:00
1.816424515,2021-02-20 02:00:00
1.761413145,2021-02-20 03:00:00
1.809724337,2021-02-20 04:00:00
1.856807092,2021-02-20 05:00:00
2.043130255,2021-02-20 06:00:00
2.08745755,2021-02-20 07:00:00
2.129590414,2021-02-20 08:00:00
1.776767927,2021-02-20 09:00:00
1.672773585,2021-02-20 10:00:00
1.777695588,2021-02-20 11:00:00
2.311836219,2021-02-20 12:00:00
4.411766152,2021-02-20 13:00:00
4.481023166,2021-02-20 14:00:00
4.265913678,2021-02-20 15:00:00
3.46100729,2021-02-20 16:00:00
2.695551529,2021-02-20 17:00:00
2.011816196,2021-02-20 18:00:00
1.66267156,2021-02-20 19:00:00
1.221894944,2021-02-20 20:00:00
1.114207926,2021-02-20 21:00:00
1.295631147,2021-02-20 22:00:00
1.382724718,2021-02-20 23:00:00
1.507481608,2021-02-21 00:00:00
1.473272971,2021-02-21 01:00:00
1.604871581,2021-02-21 02:00:00
1.93700017,2021-02-21 03:00:00
1.796874034,2021-02-21 04:00:00
1.391934664,2021-02-21 05:00:00
1.347115586,2021-02-21 06:00:00
1.538219329,2021-02-21 07:00:00
1.420346131,2021-02-21 08:00:00
1.158540595,2021-02-21 09:00:00
0.378176587,2021-02-21 10:00:00
0.666392546,2021-02-21 11:00:00
0.871390069,2021-02-21 12:00:00
1.008069822,2021-02-21 13:00:00
0.995198322,2021-02-21 14:00:00
1.065885925,2021-02-21 15:00:00
1.287567262,2021-02-21 16:00:00
2.015437931,2021-02-21 17:00:00
1.859298436,2021-02-21 18:00:00
1.764962878,2021-02-21 19:00:00
1.930922705,2021-02-21 20:00:00
2.142188277,2021-02-21 21:00:00
2.081628387,2021-02-21 22:00:00
2.051843864,2021-02-21 23:00:00
1.720496413,2021-02-22 00:00:00
1.261706382,2021-02-22 01:00:00
1.130047461,2021-02-22 02:00:00
0.719778924,2021-02-22 03:00:00
0.7743277,2021-02-22 04:00:00
0.819580354,2021-02-22 05:00:00
0.484284299,2021-02-22 06:00:00
0.499282647,2021-02-22 07:00:00
0.059229795,2021-02-22 08:00:00
0.528923203,2021-02-22 09:00:00
0.665235663,2021-02-22 10:00:00
0.652128887,2021-02-22 11:00:00
0.457231478,2021-02-22 12:00:00
0.47794919,2021-02-22 13:00:00
0.919018925,2021-02-22 14:00:00
1.290846862,2021-02-22 15:00:00
1.413787889,2021-02-22 16:00:00
0.659267543,2021-02-22 17:00:00
1.003578235,2021-02-22 18:00:00
1.303649219,2021-02-22 19:00:00
1.607495329,2021-02-22 20:00:00
1.988721834,2021-02-22 21:00:00
1.929206682,2021-02-22 22:00:00
1.756121027,2021-02-22 23:00:00
1.583282541,2021-02-23 00:00:00
1.435567992,2021-02-23 01:00:00
1.56794377,2021-02-23 02:00:00
1.935969936,2021-02-23 03:00:00
1.725956168,2021-02-23 04:00:00
1.696418583,2021-02-23 05:00:00
1.431994852,2021-02-23 06:00:00
1.682771991,2021-02-23 07:00:00
1.304859924,2021-02-23 08:00:00
0.827880974,2021-02-23 09:00:00
0.627257791,2021-02-23 10:00:00
0.175925962,2021-02-23 11:00:00
1.228111025,2021-02-23 12:00:00
2.520960598,2021-02-23 13:00:00
3.86372072,2021-02-23 14:00:00
5.120995263,2021-02-23 15:00:00
5.625874085,2021-02-23 16:00:00
4.688281875,2021-02-23 17:00:00
4.46351932,2021-02-23 18:00:00
5.639918829,2021-02-23 19:00:00
5.593803358,2021-02-23 20:00:00
4.571842816,2021-02-23 21:00:00
3.940734288,2021-02-23 22:00:00
2.834301476,2021-02-23 23:00:00
1.403065169,2021-02-24 00:00:00
1.150653954,2021-02-24 01:00:00
1.626319528,2021-02-24 02:00:00
1.53273868,2021-02-24 03:00:00
1.26404939,2021-02-24 04:00:00
0.71762095,2021-02-24 05:00:00
0.229963311,2021-02-24 06:00:00
0.70590151,2021-02-24 07:00:00
0.929103318,2021-02-24 08:00:00
0.839358589,2021-02-24 09:00:00
0.656201111,2021-02-24 10:00:00
0.509786147,2021-02-24 11:00:00
1.238809819,2021-02-24 12:00:00
1.495420881,2021-02-24 13:00:00
2.104261158,2021-02-24 14:00:00
3.420760692,2021-02-24 15:00:00
4.394192589,2021-02-24 16:00:00
5.11542246,2021-02-24 17:00:00
5.17483599,2021-02-24 18:00:00
4.548639603,2021-02-24 19:00:00
3.456504908,2021-02-24 20:00:00
2.751973857,2021-02-24 21:00:00
2.224941464,2021-02-24 22:00:00
1.434594021,2021-02-24 23:00:00
1.017868015,2021-02-25 00:00:00
0.314722979,2021-02-25 01:00:00
0.131182909,2021-02-25 02:00:00
0.5578743,2021-02-25 03:00:00
0.772897286,2021-02-25 04:00:00
0.140090583,2021-02-25 05:00:00
0.500033118,2021-02-25 06:00:00
0.208286154,2021-02-25 07:00:00
0.258839598,2021-02-25 08:00:00
0.635218577,2021-02-25 09:00:00
0.842105291,2021-02-25 10:00:00
0.696509718,2021-02-25 11:00:00
0.581255066,2021-02-25 12:00:00
0.279444973,2021-02-25 13:00:00
0.449514442,2021-02-25 14:00:00
1.048470583,2021-02-25 15:00:00
1.711887351,2021-02-25 16:00:00
0.929549063,2021-02-25 17:00:00
0.533471739,2021-02-25 18:00:00
1.545225417,2021-02-25 19:00:00
2.006357351,2021-02-25 20:00:00
1.934442918,2021-02-25 21:00:00
2.268441688,2021-02-25 22:00:00
2.155850068,2021-02-25 23:00:00
1.941594149,2021-02-26 00:00:00
1.681220339,2021-02-26 01:00:00
1.796226988,2021-02-26 02:00:00
1.867939411,2021-02-26 03:00:00
1.875317057,2021-02-26 04:00:00
1.181532233,2021-02-26 05:00:00
0.889105278,2021-02-26 06:00:00
1.706243451,2021-02-26 07:00:00
2.137985884,2021-02-26 08:00:00
2.021330721,2021-02-26 09:00:00
1.388545305,2021-02-26 10:00:00
1.585515268,2021-02-26 11:00:00
1.854616556,2021-02-26 12:00:00
1.616659327,2021-02-26 13:00:00
1.056193007,2021-02-26 14:00:00
0.565394963,2021-02-26 15:00:00
1.499056774,2021-02-26 16:00:00
0.984082319,2021-02-26 17:00:00
2.733695154,2021-02-26 18:00:00
3.765774779,2021-02-26 19:00:00
3.327523352,2021-02-26 20:00:00
3.35226185,2021-02-26 21:00:00
3.32863944,2021-02-26 22:00:00
3.362997641,2021-02-26 23:00:00
2.671659959,2021-02-27 00:00:00
2.183304887,2021-02-27 01:00:00
2.024335776,2021-02-27 02:00:00
1.715678253,2021-02-27 03:00:00
1.68628486,2021-02-27 04:00:00
1.96264355,2021-02-27 05:00:00
1.225192538,2021-02-27 06:00:00
2.312544772,2021-02-27 07:00:00
3.384479263,2021-02-27 08:00:00
5.198731372,2021-02-27 09:00:00
6.151887892,2021-02-27 10:00:00
6.76595682,2021-02-27 11:00:00
6.246090204,2021-02-27 12:00:00
5.878770819,2021-02-27 13:00:00
5.800585091,2021-02-27 14:00:00
5.540549849,2021-02-27 15:00:00
4.77847463,2021-02-27 16:00:00
4.281997227,2021-02-27 17:00:00
3.436432833,2021-02-27 18:00:00
2.635731889,2021-02-27 19:00:00
1.87280686,2021-02-27 20:00:00
1.828817818,2021-02-27 21:00:00
1.267832595,2021-02-27 22:00:00
1.235382735,2021-02-27 23:00:00
13.16588196273412,2021-02-28 00:00:00
0.838131167,2021-02-28 01:00:00
1.178520564,2021-02-28 02:00:00
1.427841236,2021-02-28 03:00:00
1.235809709,2021-02-28 04:00:00
1.087705727,2021-02-28 05:00:00
1.828546092,2021-02-28 06:00:00
1.942416132,2021-02-28 07:00:00
1.727802387,2021-02-28 08:00:00
2.234436856,2021-02-28 09:00:00
2.745043497,2021-02-28 10:00:00
2.686717539,2021-02-28 11:00:00
3.300046513,2021-02-28 12:00:00
4.080071539,2021-02-28 13:00:00
4.009354233,2021-02-28 14:00:00
4.306416271,2021-02-28 15:00:00
4.541025283,2021-02-28 16:00:00
4.029341934,2021-02-28 17:00:00
3.117765288,2021-02-28 18:00:00
2.700138423,2021-02-28 19:00:00
2.051032613,2021-02-28 20:00:00
14.185207114757919,2021-02-28 21:00:00
1.054711069,2021-02-28 22:00:00
0.866449644,2021-02-28 23:00:00
0.813758124,2021-03-01 00:00:00
0.674508696,2021-03-01 01:00:00
0.703545712,2021-03-01 02:00:00
0.772047291,2021-03-01 03:00:00
1.253965751,2021-03-01 04:00:00
1.300734233,2021-03-01 05:00:00
0.991274328,2021-03-01 06:00:00
0.965420198,2021-03-01 07:00:00
0.73285778,2021-03-01 08:00:00
0.697351421,2021-03-01 09:00:00
0.734920397,2021-03-01 10:00:00
0.497777645,2021-03-01 11:00:00
0.222125745,2021-03-01 12:00:00
0.178233034,2021-03-01 13:00:00
0.57359632,2021-03-01 14:00:00
1.418994948,2021-03-01 15:00:00
2.484432418,2021-03-01 16:00:00
2.156798468,2021-03-01 17:00:00
2.738719483,2021-03-01 18:00:00
2.582495331,2021-03-01 19:00:00
2.684967833,2021-03-01 20:00:00
2.671058016,2021-03-01 21:00:00
2.470639894,2021-03-01 22:00:00
2.316482266,2021-03-01 23:00:00
2.189598582,2021-03-02 00:00:00
1.828901695,2021-03-02 01:00:00
1.697007218,2021-03-02 02:00:00
1.50250603,2021-03-02 03:00:00
1.208748868,2021-03-02 04:00:00
0.729365086,2021-03-02 05:00:00
0.819679986,2021-03-02 06:00:00
0.634212913,2021-03-02 07:00:00
0.362057818,2021-03-02 08:00:00
0.648984471,2021-03-02 09:00:00
0.90003217,2021-03-02 10:00:00
1.130636957,2021-03-02 11:00:00
1.947019111,2021-03-02 12:00:00
2.863280411,2021-03-02 13:00:00
3.24381834,2021-03-02 14:00:00
3.291001858,2021-03-02 15:00:00
3.1961634,2021-03-02 16:00:00
2.075453822,2021-03-02 17:00:00
1.897145354,2021-03-02 18:00:00
1.210366338,2021-03-02 19:00:00
0.753212183,2021-03-02 20:00:00
0.600250841,2021-03-02 21:00:00
1.037442628,2021-03-02 22:00:00
1.776172895,2021-03-02 23:00:00
1.866408061,2021-03-03 00:00:00
1.816459882,2021-03-03 01:00:00
1.630812479,2021-03-03 02:00:00
1.78920499,2021-03-03 03:00:00
1.748405122,2021-03-03 04:00:00
1.749099418,2021-03-03 05:00:00
1.665854107,2021-03-03 06:00:00
1.178974213,2021-03-03 07:00:00
1.175681183,2021-03-03 08:00:00
0.922059532,2021-03-03 09:00:00
0.9150202,2021-03-03 10:00:00
0.829560663,2021-03-03 11:00:00
1.050321188,2021-03-03 12:00:00
1.442036713,2021-03-03 13:00:00
2.178793199,2021-03-03 14:00:00
1.647522303,2021-03-03 15:00:00
1.412421976,2021-03-03 16:00:00
1.887288652,2021-03-03 17:00:00
3.185232426,2021-03-03 18:00:00
3.501297019,2021-03-03 19:00:00
2.930954437,2021-03-03 20:00:00
2.771183255,2021-03-03 21:00:00
2.384682314,2021-03-03 22:00:00
2.363312353,2021-03-03 23:00:00
2.131791142,2021-03-04 00:00:00
1.727129781,2021-03-04 01:00:00
1.283532004,2021-03-04 02:00:00
1.14073236,2021-03-04 03:00:00
1.238714183,2021-03-04 04:00:00
1.486819369,2021-03-04 05:00:00
1.338369525,2021-03-04 06:00:00
0.925686499,2021-03-04 07:00:00
0.772158399,2021-03-04 08:00:00
0.25978916,2021-03-04 09:00:00
0.688021072,2021-03-04 10:00:00
0.52241011,2021-03-04 11:00:00
0.546532904,2021-03-04 12:00:00
0.986297419,2021-03-04 13:00:00
1.327505966,2021-03-04 14:00:00
2.468530676,2021-03-04 15:00:00
3.503894703,2021-03-04 16:00:00
2.43169958,2021-03-04 17:00:00
2.742050468,2021-03-04 18:00:00
2.73323518,2021-03-04 19:00:00
2.032914473,2021-03-04 20:00:00
0.973978281,2021-03-04 21:00:00
1.032893756,2021-03-04 22:00:00
14.613327856333903,2021-03-04 23:00:00
0.867828226,2021-03-05 00:00:00
0.695332689,2021-03-05 01:00:00
0.26315955,2021-03-05 02:00:00
0.224508057,2021-03-05 03:00:00
0.284711525,2021-03-05 04:00:00
0.605626822,2021-03-05 05:00:00
0.437852188,2021-03-05 06:00:00
0.524466785,2021-03-05 07:00:00
0.518853624,2021-03-05 08:00:00
1.364910269,2021-03-05 09:00:00
2.466386371,2021-03-05 10:00:00
3.79840954,2021-03-05 11:00:00
4.077103394,2021-03-05 12:00:00
4.074832509,2021-03-05 13:00:00
4.317355723,2021-03-05 14:00:00
4.967089547,2021-03-05 15:00:00
5.461534651,2021-03-05 16:00:00
4.160242911,2021-03-05 17:00:00
3.434315911,2021-03-05 18:00:00
3.12016091,2021-03-05 19:00:00
2.601616399,2021-03-05 20:00:00
2.754635533,2021-03-05 21:00:00
3.008249122,2021-03-05 22:00:00
2.390520098,2021-03-05 23:00:00
1.46303889,2021-03-06 00:00:00
0.429224427,2021-03-06 01:00:00
0.43498011,2021-03-06 02:00:00
0.706881429,2021-03-06 03:00:00
1.010795291,2021-03-06 04:00:00
0.952649448,2021-03-06 05:00:00
0.726933937,2021-03-06 06:00:00
0.639236602,2021-03-06 07:00:00
0.342481667,2021-03-06 08:00:00
0.896668848,2021-03-06 09:00:00
0.457743151,2021-03-06 10:00:00
0.143568973,2021-03-06 11:00:00
0.479316944,2021-03-06 12:00:00
0.660939559,2021-03-06 13:00:00
0.988510418,2021-03-06 14:00:00
0.903692444,2021-03-06 15:00:00
0.371915316,2021-03-06 16:00:00
1.800130026,2021-03-06 17:00:00
1.47405643,2021-03-06 18:00:00
1.153220715,2021-03-06 19:00:00
1.846208574,2021-03-06 20:00:00
2.075229122,2021-03-06 21:00:00
2.213815294,2021-03-06 22:00:00
2.259444366,2021-03-06 23:00:00
2.2727257,2021-03-07 00:00:00
2.259298183,2021-03-07 01:00:00
2.172995019,2021-03-07 02:00:00
2.029786594,2021-03-07 03:00:00
1.707544001,2021-03-07 04:00:00
1.749938673,2021-03-07 05:00:00
1.692470715,2021-03-07 06:00:00
1.365669747,2021-03-07 07:00:00
1.15217239,2021-03-07 08:00:00
0.524102078,2021-03-07 09:00:00
0.876705947,2021-03-07 10:00:00
1.364638934,2021-03-07 11:00:00
1.853043335,2021-03-07 12:00:00
2.429976502,2021-03-07 13:00:00
2.540621165,2021-03-07 14:00:00
2.30355489,2021-03-07 15:00:00
2.212711123,2021-03-07 16:00:00
2.129850259,2021-03-07 17:00:00
2.525785335,2021-03-07 18:00:00
2.363036886,2021-03-07 19:00:00
2.051650868,2021-03-07 20:00:00
1.886483038,2021-03-07 21:00:00
1.947530074,2021-03-07 22:00:00
1.879854162,2021-03-07 23:00:00
1.503915567,2021-03-08 00:00:00
1.699754994,2021-03-08 01:00:00
1.592873469,2021-03-08 02:00:00
1.315400157,2021-03-08 03:00:00
1.178740833,2021-03-08 04:00:00
1.315930934,2021-03-08 05:00:00
1.280217705,2021-03-08 06:00:00
1.415832828,2021-03-08 07:00:00
1.348468931,2021-03-08 08:00:00
0.757182606,2021-03-08 09:00:00
0.525377137,2021-03-08 10:00:00
0.527860939,2021-03-08 11:00:00
0.43859667,2021-03-08 12:00:00
0.447973881,2021-03-08 13:00:00
0.681072124,2021-03-08 14:00:00
1.269352293,2021-03-08 15:00:00
1.870942074,2021-03-08 16:00:00
1.85811438,2021-03-08 17:00:00
2.667242149,2021-03-08 18:00:00
2.723584023,2021-03-08 19:00:00
3.604285959,2021-03-08 20:00:00
3.20998468,2021-03-08 21:00:00
2.917981695,2021-03-08 22:00:00
2.662446352,2021-03-08 23:00:00
2.446378039,2021-03-09 00:00:00
2.356033208,2021-03-09 01:00:00
2.322077815,2021-03-09 02:00:00
2.152876921,2021-03-09 03:00:00
2.01372985,2021-03-09 04:00:00
1.644038651,2021-03-09 05:00:00
1.528975633,2021-03-09 06:00:00
1.472579458,2021-03-09 07:00:00
1.232824779,2021-03-09 08:00:00
0.33298512,2021-03-09 09:00:00
0.631101244,2021-03-09 10:00:00
0.903883773,2021-03-09 11:00:00
1.397377991,2021-03-09 12:00:00
2.086390946,2021-03-09 13:00:00
2.173757869,2021-03-09 14:00:00
2.121319783,2021-03-09 15:00:00
2.600702184,2021-03-09 16:00:00
2.754595139,2021-03-09 17:00:00
2.808388185,2021-03-09 18:00:00
3.10023395,2021-03-09 19:00:00
2.93476083,2021-03-09 20:00:00
2.092100672,2021-03-09 21:00:00
1.642906787,2021-03-09 22:00:00
1.745501427,2021-03-09 23:00:00
1.692726938,2021-03-10 00:00:00
1.646128782,2021-03-10 01:00:00
1.490441713,2021-03-10 02:00:00
1.083007445,2021-03-10 03:00:00
0.70373234,2021-03-10 04:00:00
0.569564472,2021-03-10 05:00:00
0.554496008,2021-03-10 06:00:00
0.663193477,2021-03-10 07:00:00
0.47017627,2021-03-10 08:00:00
1.157827781,2021-03-10 09:00:00
1.360832937,2021-03-10 10:00:00
1.611128471,2021-03-10 11:00:00
1.487560463,2021-03-10 12:00:00
1.212072887,2021-03-10 13:00:00
1.199306932,2021-03-10 14:00:00
1.344455398,2021-03-10 15:00:00
1.399747281,2021-03-10 16:00:00
1.184875821,2021-03-10 17:00:00
2.354565276,2021-03-10 18:00:00
2.563713524,2021-03-10 19:00:00
3.112153,2021-03-10 20:00:00
2.935460713,2021-03-10 21:00:00
2.679345924,2021-03-10 22:00:00
2.483573473,2021-03-10 23:00:00
2.103149131,2021-03-11 00:00:00
1.760159009,2021-03-11 01:00:00
1.816735481,2021-03-11 02:00:00
1.707414756,2021-03-11 03:00:00
1.608543946,2021-03-11 04:00:00
1.738887347,2021-03-11 05:00:00
1.752706824,2021-03-11 06:00:00
1.033453158,2021-03-11 07:00:00
1.616254586,2021-03-11 08:00:00
1.550675221,2021-03-11 09:00:00
1.669112812,2021-03-11 10:00:00
2.118417784,2021-03-11 11:00:00
2.298959765,2021-03-11 12:00:00
2.66391904,2021-03-11 13:00:00
2.767787329,2021-03-11 14:00:00
2.350950774,2021-03-11 15:00:00
1.785795471,2021-03-11 16:00:00
1.299495914,2021-03-11 17:00:00
2.397864389,2021-03-11 18:00:00
2.557432244,2021-03-11 19:00:00
2.669059739,2021-03-11 20:00:00
2.651746043,2021-03-11 21:00:00
2.211884984,2021-03-11 22:00:00
1.915643684,2021-03-11 23:00:00
1.741158553,2021-03-12 00:00:00
1.4995121,2021-03-12 01:00:00
1.130725305,2021-03-12 02:00:00
0.720659337,2021-03-12 03:00:00
0.774632531,2021-03-12 04:00:00
1.345538497,2021-03-12 05:00:00
1.363321529,2021-03-12 06:00:00
0.853394807,2021-03-12 07:00:00
0.408620892,2021-03-12 08:00:00
13.308217880079559,2021-03-12 09:00:00
2.459488368,2021-03-12 10:00:00
3.24664674,2021-03-12 11:00:00
2.986886161,2021-03-12 12:00:00
2.565669454,2021-03-12 13:00:00
2.213217777,2021-03-12 14:00:00
2.037643188,2021-03-12 15:00:00
2.350337381,2021-03-12 16:00:00
1.863353596,2021-03-12 17:00:00
2.217704817,2021-03-12 18:00:00
1.927073939,2021-03-12 19:00:00
1.288945394,2021-03-12 20:00:00
1.425501877,2021-03-12 21:00:00
2.288864011,2021-03-12 22:00:00
2.338759301,2021-03-12 23:00:00
2.163542147,2021-03-13 00:00:00
2.13865236,2021-03-13 01:00:00
2.289828315,2021-03-13 02:00:00
2.274245422,2021-03-13 03:00:00
2.233973371,2021-03-13 04:00:00
1.915008444,2021-03-13 05:00:00
1.845546519,2021-03-13 06:00:00
1.477613785,2021-03-13 07:00:00
1.87755177,2021-03-13 08:00:00
1.348980217,2021-03-13 09:00:00
1.055460961,2021-03-13 10:00:00
0.935363302,2021-03-13 11:00:00
1.004830418,2021-03-13 12:00:00
1.150621258,2021-03-13 13:00:00
1.223905578,2021-03-13 14:00:00
1.642023466,2021-03-13 15:00:00
2.192109445,2021-03-13 16:00:00
1.71056315,2021-03-13 17:00:00
2.683120391,2021-03-13 18:00:00
3.247556068,2021-03-13 19:00:00
3.468142969,2021-03-13 20:00:00
2.694449405,2021-03-13 21:00:00
2.29413548,2021-03-13 22:00:00
2.677833592,2021-03-13 23:00:00
3.041669715,2021-03-14 00:00:00
2.615318175,2021-03-14 01:00:00
2.066342412,2021-03-14 02:00:00
2.116935974,2021-03-14 03:00:00
2.021616635,2021-03-14 04:00:00
2.30116093,2021-03-14 05:00:00
1.916856239,2021-03-14 06:00:00
1.624823548,2021-03-14 07:00:00
1.758007548,2021-03-14 08:00:00
0.97474037,2021-03-14 09:00:00
0.945498553,2021-03-14 10:00:00
0.736569496,2021-03-14 11:00:00
0.807652852,2021-03-14 12:00:00
1.03849201,2021-03-14 13:00:00
1.498116166,2021-03-14 14:00:00
1.116237333,2021-03-14 15:00:00
0.878356228,2021-03-14 16:00:00
2.09743468,2021-03-14 17:00:00
3.227008745,2021-03-14 18:00:00
3.738718382,2021-03-14 19:00:00
3.418109646,2021-03-14 20:00:00
3.071360541,2021-03-14 21:00:00
2.874063181,2021-03-14 22:00:00
2.663149526,2021-03-14 23:00:00
2.58952058,2021-03-15 00:00:00
2.369210259,2021-03-15 01:00:00
2.01583243,2021-03-15 02:00:00
1.719696263,2021-03-15 03:00:00
1.310472703,2021-03-15 04:00:00
1.029490626,2021-03-15 05:00:00
1.168129915,2021-03-15 06:00:00
1.047972568,2021-03-15 07:00:00
0.985478005,2021-03-15 08:00:00
0.556287557,2021-03-15 09:00:00
0.249012739,2021-03-15 10:00:00
0.401220887,2021-03-15 11:00:00
0.931963502,2021-03-15 12:00:00
1.378043417,2021-03-15 13:00:00
1.711989171,2021-03-15 14:00:00
2.155615555,2021-03-15 15:00:00
2.878488057,2021-03-15 16:00:00
2.482730786,2021-03-15 17:00:00
3.434102846,2021-03-15 18:00:00
3.788952115,2021-03-15 19:00:00
3.670920705,2021-03-15 20:00:00
3.373902116,2021-03-15 21:00:00
2.674016582,2021-03-15 22:00:00
2.260642596,2021-03-15 23:00:00
2.778826156,2021-03-16 00:00:00
2.635988312,2021-03-16 01:00:00
2.461964513,2021-03-16 02:00:00
1.977491996,2021-03-16 03:00:00
1.548176181,2021-03-16 04:00:00
1.195983977,2021-03-16 05:00:00
0.440899914,2021-03-16 06:00:00
0.311479908,2021-03-16 07:00:00
0.525244266,2021-03-16 08:00:00
0.573561804,2021-03-16 09:00:00
1.110333133,2021-03-16 10:00:00
1.608224974,2021-03-16 11:00:00
1.740026417,2021-03-16 12:00:00
1.818230488,2021-03-16 13:00:00
1.859154264,2021-03-16 14:00:00
2.052120109,2021-03-16 15:00:00
2.216620476,2021-03-16 16:00:00
2.917268764,2021-03-16 17:00:00
2.089830974,2021-03-16 18:00:00
1.954148198,2021-03-16 19:00:00
2.043230519,2021-03-16 20:00:00
2.176819751,2021-03-16 21:00:00
2.066389439,2021-03-16 22:00:00
1.818719001,2021-03-16 23:00:00
1.403228729,2021-03-17 00:00:00
0.695753001,2021-03-17 01:00:00
0.751969094,2021-03-17 02:00:00
1.243606222,2021-03-17 03:00:00
0.893555909,2021-03-17 04:00:00
0.898692058,2021-03-17 05:00:00
0.459688238,2021-03-17 06:00:00
0.884314073,2021-03-17 07:00:00
1.531205279,2021-03-17 08:00:00
1.625325882,2021-03-17 09:00:00
1.377574174,2021-03-17 10:00:00
1.354886315,2021-03-17 11:00:00
1.928379014,2021-03-17 12:00:00
2.021925979,2021-03-17 13:00:00
2.435964857,2021-03-17 14:00:00
2.500876398,2021-03-17 15:00:00
2.635215533,2021-03-17 16:00:00
3.053469303,2021-03-17 17:00:00
1.773395817,2021-03-17 18:00:00
2.502957531,2021-03-17 19:00:00
2.166735244,2021-03-17 20:00:00
1.932116082,2021-03-17 21:00:00
1.957268952,2021-03-17 22:00:00
1.886790683,2021-03-17 23:00:00
1.559610697,2021-03-18 00:00:00
1.336929678,2021-03-18 01:00:00
1.71228159,2021-03-18 02:00:00
0.815693729,2021-03-18 03:00:00
1.208344855,2021-03-18 04:00:00
1.444354329,2021-03-18 05:00:00
1.154304323,2021-03-18 06:00:00
1.001034426,2021-03-18 07:00:00
0.948820802,2021-03-18 08:00:00
1.429928871,2021-03-18 09:00:00
1.817754059,2021-03-18 10:00:00
1.499250852,2021-03-18 11:00:00
1.296907706,2021-03-18 12:00:00
1.64176535,2021-03-18 13:00:00
1.913704034,2021-03-18 14:00:00
2.842277827,2021-03-18 15:00:00
3.193349461,2021-03-18 16:00:00
2.909387901,2021-03-18 17:00:00
2.212282646,2021-03-18 18:00:00
2.355879151,2021-03-18 19:00:00
1.75621073,2021-03-18 20:00:00
1.720090934,2021-03-18 21:00:00
1.565727051,2021-03-18 22:00:00
1.773157118,2021-03-18 23:00:00
3.664549777,2021-03-19 00:00:00
3.903878614,2021-03-19 01:00:00
3.799988069,2021-03-19 02:00:00
3.812593378,2021-03-19 03:00:00
4.208997521,2021-03-19 04:00:00
3.883124257,2021-03-19 05:00:00
14.354041923442715,2021-03-19 06:00:00
1.904400099,2021-03-19 07:00:00
1.85548245,2021-03-19 08:00:00
2.376052673,2021-03-19 09:00:00
2.645360245,2021-03-19 10:00:00
3.087455297,2021-03-19 11:00:00
3.657638035,2021-03-19 12:00:00
3.984951577,2021-03-19 13:00:00
4.360902356,2021-03-19 14:00:00
4.876807136,2021-03-19 15:00:00
5.028867771,2021-03-19 16:00:00
4.730619591,2021-03-19 17:00:00
3.903057573,2021-03-19 18:00:00
3.695492918,2021-03-19 19:00:00
3.636104167,2021-03-19 20:00:00
2.948851645,2021-03-19 21:00:00
2.054224764,2021-03-19 22:00:00
1.256244518,2021-03-19 23:00:00
1.164853137,2021-03-20 00:00:00
1.109232108,2021-03-20 01:00:00
1.105716514,2021-03-20 02:00:00
0.983214497,2021-03-20 03:00:00
0.832608159,2021-03-20 04:00:00
1.341163649,2021-03-20 05:00:00
1.175258055,2021-03-20 06:00:00
1.041508747,2021-03-20 07:00:00
1.27918098,2021-03-20 08:00:00
1.347007856,2021-03-20 09:00:00
2.031094092,2021-03-20 10:00:00
2.782517615,2021-03-20 11:00:00
3.359261107,2021-03-20 12:00:00
4.114859531,2021-03-20 13:00:00
4.946575966,2021-03-20 14:00:00
5.863130927,2021-03-20 15:00:00
0.000333287563357894,2021-03-20 16:00:00
5.991673236,2021-03-20 17:00:00
5.574273973,2021-03-20 18:00:00
4.744520957,2021-03-20 19:00:00
3.840365802,2021-03-20 20:00:00
3.278137669,2021-03-20 21:00:00
1.753227769,2021-03-20 22:00:00
1.507164629,2021-03-20 23:00:00
1.591468065,2021-03-21 00:00:00
1.141568336,2021-03-21 01:00:00
1.068379772,2021-03-21 02:00:00
1.24194601,2021-03-21 03:00:00
1.054670804,2021-03-21 04:00:00
1.327386405,2021-03-21 05:00:00
0.735021219,2021-03-21 06:00:00
0.662295465,2021-03-21 07:00:00
0.887693908,2021-03-21 08:00:00
0.597847402,2021-03-21 09:00:00
0.387245515,2021-03-21 10:00:00
0.487937638,2021-03-21 11:00:00
0.717768645,2021-03-21 12:00:00
0.713200242,2021-03-21 13:00:00
0.971528893,2021-03-21 14:00:00
1.809413285,2021-03-21 15:00:00
2.380317269,2021-03-21 16:00:00
3.211957708,2021-03-21 17:00:00
2.119297556,2021-03-21 18:00:00
2.099296423,2021-03-21 19:00:00
2.220808018,2021-03-21 20:00:00
2.469664995,2021-03-21 21:00:00
2.582546864,2021-03-21 22:00:00
2.461561272,2021-03-21 23:00:00
2.243172688,2021-03-22 00:00:00
2.014078349,2021-03-22 01:00:00
1.760764843,2021-03-22 02:00:00
1.589127267,2021-03-22 03:00:00
1.516410284,2021-03-22 04:00:00
1.378129326,2021-03-22 05:00:00
1.471565626,2021-03-22 06:00:00
1.464520827,2021-03-22 07:00:00
1.159039684,2021-03-22 08:00:00
1.024447536,2021-03-22 09:00:00
1.155520059,2021-03-22 10:00:00
1.43169784,2021-03-22 11:00:00
1.667470348,2021-03-22 12:00:00
1.733611526,2021-03-22 13:00:00
1.755534842,2021-03-22 14:00:00
1.584625608,2021-03-22 15:00:00
1.474766455,2021-03-22 16:00:00
1.971334076,2021-03-22 17:00:00
2.185348451,2021-03-22 18:00:00
2.654124048,2021-03-22 19:00:00
2.92495731,2021-03-22 20:00:00
2.886289979,2021-03-22 21:00:00
2.57424324,2021-03-22 22:00:00
2.349257303,2021-03-22 23:00:00
2.221803714,2021-03-23 00:00:00
2.152890515,2021-03-23 01:00:00
2.039927536,2021-03-23 02:00:00
1.991021807,2021-03-23 03:00:00
1.980119351,2021-03-23 04:00:00
2.063478136,2021-03-23 05:00:00
2.01447615,2021-03-23 06:00:00
2.09515482,2021-03-23 07:00:00
1.82552283,2021-03-23 08:00:00
1.382327435,2021-03-23 09:00:00
1.041213527,2021-03-23 10:00:00
0.810027366,2021-03-23 11:00:00
0.848321546,2021-03-23 12:00:00
0.547419126,2021-03-23 13:00:00
0.782992047,2021-03-23 14:00:00
2.112419802,2021-03-23 15:00:00
3.569200494,2021-03-23 16:00:00
4.354285764,2021-03-23 17:00:00
3.732223419,2021-03-23 18:00:00
3.141110677,2021-03-23 19:00:00
3.530760834,2021-03-23 20:00:00
3.376035576,2021-03-23 21:00:00
2.932696523,2021-03-23 22:00:00
3.092530701,2021-03-23 23:00:00
13.036122461566979,2021-03-24 00:00:00
2.900029384,2021-03-24 01:00:00
2.592884983,2021-03-24 02:00:00
1.873555719,2021-03-24 03:00:00
0.568355633,2021-03-24 04:00:00
0.123527985,2021-03-24 05:00:00
1.613453843,2021-03-24 06:00:00
0.912916318,2021-03-24 07:00:00
0.261052193,2021-03-24 08:00:00
0.539888106,2021-03-24 09:00:00
0.565738813,2021-03-24 10:00:00
0.315102911,2021-03-24 11:00:00
0.846490026,2021-03-24 12:00:00
1.414016345,2021-03-24 13:00:00
1.805471974,2021-03-24 14:00:00
2.097066178,2021-03-24 15:00:00
2.431186687,2021-03-24 16:00:00
1.976664296,2021-03-24 17:00:00
2.158930167,2021-03-24 18:00:00
2.642305977,2021-03-24 19:00:00
2.780380158,2021-03-24 20:00:00
3.192197094,2021-03-24 21:00:00
3.132860847,2021-03-24 22:00:00
2.927815324,2021-03-24 23:00:00
2.6641066,2021-03-25 00:00:00
2.670051571,2021-03-25 01:00:00
2.425447896,2021-03-25 02:00:00
1.97847606,2021-03-25 03:00:00
1.926822005,2021-03-25 04:00:00
1.70955769,2021-03-25 05:00:00
1.540688203,2021-03-25 06:00:00
1.516227774,2021-03-25 07:00:00
0.87102231,2021-03-25 08:00:00
0.744663775,2021-03-25 09:00:00
1.750547843,2021-03-25 10:00:00
2.968776606,2021-03-25 11:00:00
4.100147075,2021-03-25 12:00:00
4.496503947,2021-03-25 13:00:00
4.642626068,2021-03-25 14:00:00
5.073682074,2021-03-25 15:00:00
5.52427941,2021-03-25 16:00:00
5.404172716,2021-03-25 17:00:00
4.67052813,2021-03-25 18:00:00
4.64471675,2021-03-25 19:00:00
4.565436794,2021-03-25 20:00:00
3.469151797,2021-03-25 21:00:00
2.147362415,2021-03-25 22:00:00
2.078655297,2021-03-25 23:00:00
1.604694392,2021-03-26 00:00:00
1.049580321,2021-03-26 01:00:00
1.153145662,2021-03-26 02:00:00
1.453393674,2021-03-26 03:00:00
1.215807802,2021-03-26 04:00:00
1.146528919,2021-03-26 05:00:00
1.630285434,2021-03-26 06:00:00
1.176847102,2021-03-26 07:00:00
0.983159748,2021-03-26 08:00:00
1.350149367,2021-03-26 09:00:00
1.44933611,2021-03-26 10:00:00
1.197426202,2021-03-26 11:00:00
1.192807845,2021-03-26 12:00:00
1.437969664,2021-03-26 13:00:00
1.703342191,2021-03-26 14:00:00
1.562837557,2021-03-26 15:00:00
0.703523076,2021-03-26 16:00:00
1.106572931,2021-03-26 17:00:00
0.831212682,2021-03-26 18:00:00
1.18940745,2021-03-26 19:00:00
1.943637347,2021-03-26 20:00:00
1.974294972,2021-03-26 21:00:00
1.69894238,2021-03-26 22:00:00
1.81994317,2021-03-26 23:00:00
1.884645941,2021-03-27 00:00:00
1.877445929,2021-03-27 01:00:00
1.921530125,2021-03-27 02:00:00
1.784965078,2021-03-27 03:00:00
1.659993858,2021-03-27 04:00:00
1.748074765,2021-03-27 05:00:00
1.973179954,2021-03-27 06:00:00
1.884553761,2021-03-27 07:00:00
1.179402532,2021-03-27 08:00:00
0.942103678,2021-03-27 09:00:00
1.122013449,2021-03-27 10:00:00
1.649005073,2021-03-27 11:00:00
2.537099836,2021-03-27 12:00:00
3.147637705,2021-03-27 13:00:00
2.822015885,2021-03-27 14:00:00
2.386066778,2021-03-27 15:00:00
1.910637607,2021-03-27 16:00:00
1.610095796,2021-03-27 17:00:00
2.22789822,2021-03-27 18:00:00
2.620941872,2021-03-27 19:00:00
2.908071743,2021-03-27 20:00:00
3.313805805,2021-03-27 21:00:00
3.140219314,2021-03-27 22:00:00
2.909455033,2021-03-27 23:00:00
2.646519231,2021-03-28 00:00:00
1.82619302,2021-03-28 01:00:00
0.760894548,2021-03-28 02:00:00
0.245379057,2021-03-28 03:00:00
0.433664605,2021-03-28 04:00:00
0.374579404,2021-03-28 05:00:00
0.299174295,2021-03-28 06:00:00
0.296501486,2021-03-28 07:00:00
0.112641234,2021-03-28 08:00:00
1.099137413,2021-03-28 09:00:00
2.132189977,2021-03-28 10:00:00
2.316506272,2021-03-28 11:00:00
2.256399243,2021-03-28 12:00:00
1.545575894,2021-03-28 13:00:00
2.178144513,2021-03-28 14:00:00
2.62334787,2021-03-28 15:00:00
1.93595126,2021-03-28 16:00:00
2.327987142,2021-03-28 17:00:00
1.948609926,2021-03-28 18:00:00
2.315493048,2021-03-28 19:00:00
2.063125071,2021-03-28 20:00:00
3.321799151,2021-03-28 21:00:00
2.945644052,2021-03-28 22:00:00
2.347031333,2021-03-28 23:00:00
1.912500855,2021-03-29 00:00:00
1.170813056,2021-03-29 01:00:00
0.978651933,2021-03-29 02:00:00
0.453204066,2021-03-29 03:00:00
0.814170437,2021-03-29 04:00:00
1.4584887,2021-03-29 05:00:00
1.07165288,2021-03-29 06:00:00
1.248915718,2021-03-29 07:00:00
1.39534715,2021-03-29 08:00:00
1.392474552,2021-03-29 09:00:00
1.340383556,2021-03-29 10:00:00
1.031020568,2021-03-29 11:00:00
0.655536269,2021-03-29 12:00:00
1.758471142,2021-03-29 13:00:00
1.092592677,2021-03-29 14:00:00
1.329637799,2021-03-29 15:00:00
2.361831209,2021-03-29 16:00:00
3.112101944,2021-03-29 17:00:00
2.707376953,2021-03-29 18:00:00
3.461996754,2021-03-29 19:00:00
3.622939873,2021-03-29 20:00:00
3.289194265,2021-03-29 21:00:00
2.412293071,2021-03-29 22:00:00
2.463539421,2021-03-29 23:00:00
2.451773597,2021-03-30 00:00:00
1.688020931,2021-03-30 01:00:00
0.895264582,2021-03-30 02:00:00
1.08707026,2021-03-30 03:00:00
1.791347542,2021-03-30 04:00:00
1.423983996,2021-03-30 05:00:00
1.37364887,2021-03-30 06:00:00
2.112678008,2021-03-30 07:00:00
2.635721085,2021-03-30 08:00:00
3.87966038,2021-03-30 09:00:00
3.723845658,2021-03-30 10:00:00
3.763864843,2021-03-30 11:00:00
3.668852658,2021-03-30 12:00:00
3.517414569,2021-03-30 13:00:00
3.319476627,2021-03-30 14:00:00
3.875734214,2021-03-30 15:00:00
4.569157405,2021-03-30 16:00:00
4.477187984,2021-03-30 17:00:00
3.693615612,2021-03-30 18:00:00
3.755985495,2021-03-30 19:00:00
3.334665247,2021-03-30 20:00:00
2.446104697,2021-03-30 21:00:00
1.623763881,2021-03-30 22:00:00
1.606339683,2021-03-30 23:00:00
1.719764725,2021-03-31 00:00:00
2.122048656,2021-03-31 01:00:00
2.116216465,2021-03-31 02:00:00
2.288258713,2021-03-31 03:00:00
2.156903065,2021-03-31 04:00:00
2.472214873,2021-03-31 05:00:00
2.306140583,2021-03-31 06:00:00
1.385342702,2021-03-31 07:00:00
0.837747737,2021-03-31 08:00:00
0.975517689,2021-03-31 09:00:00
0.74780358,2021-03-31 10:00:00
1.045615226,2021-03-31 11:00:00
1.435981619,2021-03-31 12:00:00
2.103775161,2021-03-31 13:00:00
3.026653125,2021-03-31 14:00:00
3.930657102,2021-03-31 15:00:00
4.163056314,2021-03-31 16:00:00
3.389882471,2021-03-31 17:00:00
3.042702164,2021-03-31 18:00:00
2.442993777,2021-03-31 19:00:00
2.014997818,2021-03-31 20:00:00
1.396919718,2021-03-31 21:00:00
1.888683865,2021-03-31 22:00:00
1.5013386,2021-03-31 23:00:00
